Southsun Cove,Queensdale,Gendarran Fields,Caledon Forest,Plains of Ashford,Metrica Province,Wayfarer Foothills
Metrica Province,Wayfarer Foothills,Southsun Cove,Queensdale,Gendarran Fields,Caledon Forest,Plains of Ashford
Caledon Forest,Plains of Ashford,Metrica Province,Wayfarer Foothills,Southsun Cove,Queensdale,Gendarran Fields
Queensdale,Gendarran Fields,Caledon Forest,Plains of Ashford,Metrica Province,Wayfarer Foothills,Southsun Cove
Wayfarer Foothills,Southsun Cove,Queensdale,Gendarran Fields,Caledon Forest,Plains of Ashford,Metrica Province
Plains of Ashford,Metrica Province,Wayfarer Foothills,Southsun Cove,Queensdale,Gendarran Fields,Caledon Forest
Gendarran Fields,Caledon Forest,Plains of Ashford,Metrica Province,Wayfarer Foothills,Southsun Cove,Queensdale
Southsun Cove,Queensdale,Gendarran Fields,Caledon Forest,Plains of Ashford,Metrica Province,Wayfarer Foothills
Metrica Province,Wayfarer Foothills,Southsun Cove,Queensdale,Gendarran Fields,Caledon Forest,Plains of Ashford
Caledon Forest,Plains of Ashford,Metrica Province,Wayfarer Foothills,Southsun Cove,Queensdale,Gendarran Fields
Queensdale,Gendarran Fields,Caledon Forest,Plains of Ashford,Metrica Province,Wayfarer Foothills,Southsun Cove
Wayfarer Foothills,Southsun Cove,Queensdale,Gendarran Fields,Caledon Forest,Plains of Ashford,Metrica Province
Plains of Ashford,Metrica Province,Wayfarer Foothills,Southsun Cove,Queensdale,Gendarran Fields,Caledon Forest
Gendarran Fields,Caledon Forest,Plains of Ashford,Metrica Province,Wayfarer Foothills,Southsun Cove,Queensdale
Southsun Cove,Queensdale,Gendarran Fields,Caledon Forest,Plains of Ashford,Metrica Province,Wayfarer Foothills
Metrica Province,Wayfarer Foothills,Southsun Cove,Queensdale,Gendarran Fields,Caledon Forest,Plains of Ashford
Caledon Forest,Plains of Ashford,Metrica Province,Wayfarer Foothills,Southsun Cove,Queensdale,Gendarran Fields
Queensdale,Gendarran Fields,Caledon Forest,Plains of Ashford,Metrica Province,Wayfarer Foothills,Southsun Cove
Wayfarer Foothills,Southsun Cove,Queensdale,Gendarran Fields,Caledon Forest,Plains of Ashford,Metrica Province
Plains of Ashford,Metrica Province,Wayfarer Foothills,Southsun Cove,Queensdale,Gendarran Fields,Caledon Forest
Gendarran Fields,Caledon Forest,Plains of Ashford,Metrica Province,Wayfarer Foothills,Southsun Cove,Queensdale
Southsun Cove,Queensdale,Gendarran Fields,Caledon Forest,Plains of Ashford,Metrica Province,Wayfarer Foothills
Metrica Province,Wayfarer Foothills,Southsun Cove,Queensdale,Gendarran Fields,Caledon Forest,Plains of Ashford
Caledon Forest,Plains of Ashford,Metrica Province,Wayfarer Foothills,Southsun Cove,Queensdale,Gendarran Fields
